States,Registered_users,Transaction_count,Amount in Millions,Year,Quarter,state_code,Latitude,Longitude
Andaman & Nicobar,6740.0,6658,14.63,2018,1st Quarter,35,11.66702557,92.73598262
Andaman & Nicobar,9405.0,11340,28.34,2018,2nd Quarter,35,11.66702557,92.73598262
Andaman & Nicobar,12149.0,16265,55.56,2018,3rd Quarter,35,11.66702557,92.73598262
Andaman & Nicobar,15222.0,23758,90.55,2018,4th Quarter,35,11.66702557,92.73598262
Andaman & Nicobar,18596.0,30486,102.3,2019,1st Quarter,35,11.66702557,92.73598262
Andaman & Nicobar,21731.0,33689,120.25,2019,2nd Quarter,35,11.66702557,92.73598262
Andaman & Nicobar,23931.0,33770,114.07,2019,3rd Quarter,35,11.66702557,92.73598262
Andaman & Nicobar,25960.0,35159,136.84,2019,4th Quarter,35,11.66702557,92.73598262
Andaman & Nicobar,28368.0,41298,161.48,2020,1st Quarter,35,11.66702557,92.73598262
Andaman & Nicobar,32710.0,62962,169.65,2020,2nd Quarter,35,11.66702557,92.73598262
Andaman & Nicobar,41335.0,117483,338.02,2020,3rd Quarter,35,11.66702557,92.73598262
Andaman & Nicobar,52396.0,224531,627.28,2020,4th Quarter,35,11.66702557,92.73598262
Andaman & Nicobar,57758.0,244752,783.71,2021,1st Quarter,35,11.66702557,92.73598262
Andaman & Nicobar,62095.0,341414,899.15,2021,2nd Quarter,35,11.66702557,92.73598262
Andaman & Nicobar,66982.0,449764,1310.02,2021,3rd Quarter,35,11.66702557,92.73598262
Andaman & Nicobar,71780.0,636123,1932.61,2021,4th Quarter,35,11.66702557,92.73598262
Andaman & Nicobar,76288.0,794748,2129.03,2022,1st Quarter,35,11.66702557,92.73598262
Andaman & Nicobar,80530.0,1071217,2685.92,2022,2nd Quarter,35,11.66702557,92.73598262
Andaman & Nicobar,84642.0,1584379,3310.63,2022,3rd Quarter,35,11.66702557,92.73598262
Andaman & Nicobar,88442.0,1987535,3984.67,2022,4th Quarter,35,11.66702557,92.73598262
Andhra Pradesh,3336450.0,9039585,11996.28,2018,1st Quarter,28,15.9129,79.74
Andhra Pradesh,4402540.0,12353918,22883.91,2018,2nd Quarter,28,15.9129,79.74
Andhra Pradesh,5427617.0,25626061,35718.04,2018,3rd Quarter,28,15.9129,79.74
Andhra Pradesh,6857409.0,30759548,51473.78,2018,4th Quarter,28,15.9129,79.74
Andhra Pradesh,8283019.0,57264522,83760.6,2019,1st Quarter,28,15.9129,79.74
Andhra Pradesh,9389003.0,56409015,114000.0,2019,2nd Quarter,28,15.9129,79.74
Andhra Pradesh,10458693.0,76288614,139000.0,2019,3rd Quarter,28,15.9129,79.74
Andhra Pradesh,11757883.0,107218103,201000.0,2019,4th Quarter,28,15.9129,79.74
Andhra Pradesh,13022060.0,127677357,253000.0,2020,1st Quarter,28,15.9129,79.74
Andhra Pradesh,14319675.0,144917855,303000.0,2020,2nd Quarter,28,15.9129,79.74
Andhra Pradesh,15692405.0,204902935,467000.0,2020,3rd Quarter,28,15.9129,79.74
Andhra Pradesh,17076565.0,286118552,655000.0,2020,4th Quarter,28,15.9129,79.74
Andhra Pradesh,18363733.0,289747970,672000.0,2021,1st Quarter,28,15.9129,79.74
Andhra Pradesh,19620905.0,352767134,851000.0,2021,2nd Quarter,28,15.9129,79.74
Andhra Pradesh,21059898.0,432032550,984000.0,2021,3rd Quarter,28,15.9129,79.74
Andhra Pradesh,22489029.0,522254003,1160000.0,2021,4th Quarter,28,15.9129,79.74
Andhra Pradesh,23857951.0,582603911,1290000.0,2022,1st Quarter,28,15.9129,79.74
Andhra Pradesh,25157264.0,671134030,1480000.0,2022,2nd Quarter,28,15.9129,79.74
Andhra Pradesh,26496330.0,642855035,1390000.0,2022,3rd Quarter,28,15.9129,79.74
Andhra Pradesh,27778016.0,690017077,1420000.0,2022,4th Quarter,28,15.9129,79.74
Arunachal Pradesh,21495.0,45497,92.39,2018,1st Quarter,12,27.10039878,93.61660071
Arunachal Pradesh,32883.0,82157,198.97,2018,2nd Quarter,12,27.10039878,93.61660071
Arunachal Pradesh,45922.0,131146,331.73,2018,3rd Quarter,12,27.10039878,93.61660071
Arunachal Pradesh,61852.0,176429,504.04,2018,4th Quarter,12,27.10039878,93.61660071
Arunachal Pradesh,76957.0,226506,609.95,2019,1st Quarter,12,27.10039878,93.61660071
Arunachal Pradesh,95885.0,258656,752.66,2019,2nd Quarter,12,27.10039878,93.61660071
Arunachal Pradesh,112149.0,370234,912.65,2019,3rd Quarter,12,27.10039878,93.61660071
Arunachal Pradesh,129321.0,459475,1190.57,2019,4th Quarter,12,27.10039878,93.61660071
Arunachal Pradesh,149066.0,567175,1381.76,2020,1st Quarter,12,27.10039878,93.61660071
Arunachal Pradesh,177534.0,808774,1826.72,2020,2nd Quarter,12,27.10039878,93.61660071
Arunachal Pradesh,206046.0,962827,2609.94,2020,3rd Quarter,12,27.10039878,93.61660071
Arunachal Pradesh,231292.0,1209129,3570.26,2020,4th Quarter,12,27.10039878,93.61660071
Arunachal Pradesh,251240.0,1177456,3813.78,2021,1st Quarter,12,27.10039878,93.61660071
Arunachal Pradesh,270572.0,1568338,4456.43,2021,2nd Quarter,12,27.10039878,93.61660071
Arunachal Pradesh,293073.0,1906967,5678.12,2021,3rd Quarter,12,27.10039878,93.61660071
Arunachal Pradesh,314944.0,2390598,6943.51,2021,4th Quarter,12,27.10039878,93.61660071
Arunachal Pradesh,335339.0,2804068,7828.09,2022,1st Quarter,12,27.10039878,93.61660071
Arunachal Pradesh,354528.0,3556925,9131.67,2022,2nd Quarter,12,27.10039878,93.61660071
Arunachal Pradesh,373372.0,3939418,9025.11,2022,3rd Quarter,12,27.10039878,93.61660071
Arunachal Pradesh,390307.0,4632709,9684.91,2022,4th Quarter,12,27.10039878,93.61660071
Assam,385237.0,1056881,1157.8,2018,1st Quarter,18,26.7499809,94.21666744
Assam,571046.0,1663873,2350.59,2018,2nd Quarter,18,26.7499809,94.21666744
Assam,784802.0,2351851,3811.13,2018,3rd Quarter,18,26.7499809,94.21666744
Assam,1039221.0,3734172,5888.02,2018,4th Quarter,18,26.7499809,94.21666744
Assam,1259085.0,4533005,8002.1,2019,1st Quarter,18,26.7499809,94.21666744
Assam,1500128.0,5454929,10954.97,2019,2nd Quarter,18,26.7499809,94.21666744
Assam,1731523.0,5942571,12950.44,2019,3rd Quarter,18,26.7499809,94.21666744
Assam,1941220.0,6760510,15281.98,2019,4th Quarter,18,26.7499809,94.21666744
Assam,2185938.0,8808860,20668.43,2020,1st Quarter,18,26.7499809,94.21666744
Assam,2550883.0,10505199,19766.3,2020,2nd Quarter,18,26.7499809,94.21666744
Assam,2830011.0,12397711,29831.39,2020,3rd Quarter,18,26.7499809,94.21666744
Assam,3106153.0,15423454,40226.61,2020,4th Quarter,18,26.7499809,94.21666744
Assam,3358448.0,19512060,51326.46,2021,1st Quarter,18,26.7499809,94.21666744
Assam,3617056.0,25432905,59192.47,2021,2nd Quarter,18,26.7499809,94.21666744
Assam,3918480.0,33504441,75700.5,2021,3rd Quarter,18,26.7499809,94.21666744
Assam,4209591.0,46020361,104000.0,2021,4th Quarter,18,26.7499809,94.21666744
Assam,4492589.0,58889886,132000.0,2022,1st Quarter,18,26.7499809,94.21666744
Assam,4755787.0,76334725,153000.0,2022,2nd Quarter,18,26.7499809,94.21666744
Assam,5016910.0,86113811,161000.0,2022,3rd Quarter,18,26.7499809,94.21666744
Assam,5247776.0,103981267,193000.0,2022,4th Quarter,18,26.7499809,94.21666744
Bihar,2133804.0,5824302,6045.76,2018,1st Quarter,10,25.78541445,87.4799727
Bihar,3005872.0,8632378,13506.13,2018,2nd Quarter,10,25.78541445,87.4799727
Bihar,3784535.0,14367804,20135.8,2018,3rd Quarter,10,25.78541445,87.4799727
Bihar,4776665.0,15732401,28398.0,2018,4th Quarter,10,25.78541445,87.4799727
Bihar,5745117.0,26356234,41502.83,2019,1st Quarter,10,25.78541445,87.4799727
Bihar,6589759.0,29960479,63132.44,2019,2nd Quarter,10,25.78541445,87.4799727
Bihar,7380265.0,32139900,67692.78,2019,3rd Quarter,10,25.78541445,87.4799727
Bihar,8342274.0,43530314,93313.43,2019,4th Quarter,10,25.78541445,87.4799727
Bihar,9351234.0,45081815,109000.0,2020,1st Quarter,10,25.78541445,87.4799727
Bihar,10603767.0,53386742,129000.0,2020,2nd Quarter,10,25.78541445,87.4799727
Bihar,11763213.0,71503748,173000.0,2020,3rd Quarter,10,25.78541445,87.4799727
Bihar,12889833.0,96591673,239000.0,2020,4th Quarter,10,25.78541445,87.4799727
Bihar,13946288.0,114932477,281000.0,2021,1st Quarter,10,25.78541445,87.4799727
Bihar,14972134.0,155603622,375000.0,2021,2nd Quarter,10,25.78541445,87.4799727
Bihar,16160771.0,187671113,397000.0,2021,3rd Quarter,10,25.78541445,87.4799727
Bihar,17335981.0,245126945,519000.0,2021,4th Quarter,10,25.78541445,87.4799727
Bihar,18484658.0,284390434,611000.0,2022,1st Quarter,10,25.78541445,87.4799727
Bihar,19569894.0,360145029,754000.0,2022,2nd Quarter,10,25.78541445,87.4799727
Bihar,20694376.0,437367385,791000.0,2022,3rd Quarter,10,25.78541445,87.4799727
Bihar,21738117.0,517084649,936000.0,2022,4th Quarter,10,25.78541445,87.4799727
Chandigarh,86268.0,381895,613.44,2018,1st Quarter,4,30.71999697,76.78000565
Chandigarh,115219.0,479084,961.22,2018,2nd Quarter,4,30.71999697,76.78000565
Chandigarh,143893.0,616936,1369.35,2018,3rd Quarter,4,30.71999697,76.78000565
Chandigarh,177747.0,905116,2032.59,2018,4th Quarter,4,30.71999697,76.78000565
Chandigarh,209175.0,1274476,2396.03,2019,1st Quarter,4,30.71999697,76.78000565
Chandigarh,240439.0,1252470,2693.12,2019,2nd Quarter,4,30.71999697,76.78000565
Chandigarh,267337.0,1506543,3269.68,2019,3rd Quarter,4,30.71999697,76.78000565
Chandigarh,289590.0,1850915,4152.51,2019,4th Quarter,4,30.71999697,76.78000565
Chandigarh,312887.0,2262511,5126.45,2020,1st Quarter,4,30.71999697,76.78000565
Chandigarh,336351.0,1528010,3847.02,2020,2nd Quarter,4,30.71999697,76.78000565
Chandigarh,362588.0,2158086,5089.81,2020,3rd Quarter,4,30.71999697,76.78000565
Chandigarh,391402.0,2912716,6146.76,2020,4th Quarter,4,30.71999697,76.78000565
Chandigarh,419998.0,3970237,7596.42,2021,1st Quarter,4,30.71999697,76.78000565
Chandigarh,448572.0,4417547,8417.67,2021,2nd Quarter,4,30.71999697,76.78000565
Chandigarh,480463.0,6649378,11815.88,2021,3rd Quarter,4,30.71999697,76.78000565
Chandigarh,512092.0,7898903,14373.58,2021,4th Quarter,4,30.71999697,76.78000565
Chandigarh,541549.0,8600491,15174.99,2022,1st Quarter,4,30.71999697,76.78000565
Chandigarh,569582.0,10772489,17283.5,2022,2nd Quarter,4,30.71999697,76.78000565
Chandigarh,598698.0,13478173,20559.76,2022,3rd Quarter,4,30.71999697,76.78000565
Chandigarh,627563.0,17904840,27879.75,2022,4th Quarter,4,30.71999697,76.78000565
Chhattisgarh,679263.0,1891514,2149.16,2018,1st Quarter,22,22.09042035,82.15998734
Chhattisgarh,950675.0,2816156,4264.17,2018,2nd Quarter,22,22.09042035,82.15998734
Chhattisgarh,1217792.0,3859604,6302.31,2018,3rd Quarter,22,22.09042035,82.15998734
Chhattisgarh,1579998.0,5365844,9416.41,2018,4th Quarter,22,22.09042035,82.15998734
Chhattisgarh,1908898.0,7887669,12544.56,2019,1st Quarter,22,22.09042035,82.15998734
Chhattisgarh,2191066.0,9389945,17002.36,2019,2nd Quarter,22,22.09042035,82.15998734
Chhattisgarh,2435058.0,12243111,19803.26,2019,3rd Quarter,22,22.09042035,82.15998734
Chhattisgarh,2725900.0,16305758,27143.79,2019,4th Quarter,22,22.09042035,82.15998734
Chhattisgarh,3016487.0,19523991,32860.6,2020,1st Quarter,22,22.09042035,82.15998734
Chhattisgarh,3401658.0,18820925,32268.38,2020,2nd Quarter,22,22.09042035,82.15998734
Chhattisgarh,3799386.0,24148539,41526.74,2020,3rd Quarter,22,22.09042035,82.15998734
Chhattisgarh,4190601.0,35529636,62214.97,2020,4th Quarter,22,22.09042035,82.15998734
Chhattisgarh,4514551.0,39436437,69409.84,2021,1st Quarter,22,22.09042035,82.15998734
Chhattisgarh,4837055.0,44689420,78728.77,2021,2nd Quarter,22,22.09042035,82.15998734
Chhattisgarh,5206084.0,64237938,105000.0,2021,3rd Quarter,22,22.09042035,82.15998734
Chhattisgarh,5565481.0,84717494,136000.0,2021,4th Quarter,22,22.09042035,82.15998734
Chhattisgarh,5916961.0,97413292,158000.0,2022,1st Quarter,22,22.09042035,82.15998734
Chhattisgarh,6238349.0,116584048,181000.0,2022,2nd Quarter,22,22.09042035,82.15998734
Chhattisgarh,6562237.0,158252587,220000.0,2022,3rd Quarter,22,22.09042035,82.15998734
Chhattisgarh,6846822.0,177960446,253000.0,2022,4th Quarter,22,22.09042035,82.15998734
Dadra & Nagar Haveli & Daman & Diu,53258.0,148549,175.66,2018,1st Quarter,26,20.26657819,73.0166178
Dadra & Nagar Haveli & Daman & Diu,71458.0,202626,302.07,2018,2nd Quarter,26,20.26657819,73.0166178
Dadra & Nagar Haveli & Daman & Diu,92107.0,289575,447.64,2018,3rd Quarter,26,20.26657819,73.0166178
Dadra & Nagar Haveli & Daman & Diu,116511.0,404082,658.75,2018,4th Quarter,26,20.26657819,73.0166178
Dadra & Nagar Haveli & Daman & Diu,140532.0,661814,843.37,2019,1st Quarter,26,20.26657819,73.0166178
Dadra & Nagar Haveli & Daman & Diu,158580.0,489656,824.44,2019,2nd Quarter,26,20.26657819,73.0166178
Dadra & Nagar Haveli & Daman & Diu,176929.0,638751,961.47,2019,3rd Quarter,26,20.26657819,73.0166178
Dadra & Nagar Haveli & Daman & Diu,197598.0,768971,1226.64,2019,4th Quarter,26,20.26657819,73.0166178
Dadra & Nagar Haveli & Daman & Diu,218496.0,878579,1342.76,2020,1st Quarter,26,20.26657819,73.0166178
Dadra & Nagar Haveli & Daman & Diu,244814.0,973152,1302.38,2020,2nd Quarter,26,20.26657819,73.0166178
Dadra & Nagar Haveli & Daman & Diu,267946.0,1138312,1749.79,2020,3rd Quarter,26,20.26657819,73.0166178
Dadra & Nagar Haveli & Daman & Diu,296493.0,1817791,2700.51,2020,4th Quarter,26,20.26657819,73.0166178
Dadra & Nagar Haveli & Daman & Diu,321396.0,1925244,2965.63,2021,1st Quarter,26,20.26657819,73.0166178
Dadra & Nagar Haveli & Daman & Diu,344994.0,2125083,3157.67,2021,2nd Quarter,26,20.26657819,73.0166178
Dadra & Nagar Haveli & Daman & Diu,371874.0,3129470,4305.94,2021,3rd Quarter,26,20.26657819,73.0166178
Dadra & Nagar Haveli & Daman & Diu,398963.0,4157085,5565.84,2021,4th Quarter,26,20.26657819,73.0166178
Dadra & Nagar Haveli & Daman & Diu,424570.0,4802803,6237.05,2022,1st Quarter,26,20.26657819,73.0166178
Dadra & Nagar Haveli & Daman & Diu,449016.0,5759771,6995.16,2022,2nd Quarter,26,20.26657819,73.0166178
Dadra & Nagar Haveli & Daman & Diu,474807.0,6465621,7520.65,2022,3rd Quarter,26,20.26657819,73.0166178
Dadra & Nagar Haveli & Daman & Diu,500125.0,7189585,8059.64,2022,4th Quarter,26,20.26657819,73.0166178
Delhi,2087022.0,7122754,11211.5,2018,1st Quarter,7,28.6699929,77.23000403
Delhi,2756141.0,9373723,17446.3,2018,2nd Quarter,7,28.6699929,77.23000403
Delhi,3504911.0,18547048,27375.85,2018,3rd Quarter,7,28.6699929,77.23000403
Delhi,4630313.0,29187719,39722.86,2018,4th Quarter,7,28.6699929,77.23000403
Delhi,5499263.0,47007327,58469.13,2019,1st Quarter,7,28.6699929,77.23000403
Delhi,6165448.0,57171512,81706.82,2019,2nd Quarter,7,28.6699929,77.23000403
Delhi,6782286.0,69537876,103000.0,2019,3rd Quarter,7,28.6699929,77.23000403
Delhi,7289883.0,80744997,129000.0,2019,4th Quarter,7,28.6699929,77.23000403
Delhi,7826197.0,81747604,134000.0,2020,1st Quarter,7,28.6699929,77.23000403
Delhi,8391139.0,66042018,108000.0,2020,2nd Quarter,7,28.6699929,77.23000403
Delhi,9044174.0,96491861,175000.0,2020,3rd Quarter,7,28.6699929,77.23000403
Delhi,9747968.0,120540417,216000.0,2020,4th Quarter,7,28.6699929,77.23000403
Delhi,10467210.0,157359004,267000.0,2021,1st Quarter,7,28.6699929,77.23000403
Delhi,11182699.0,170157264,282000.0,2021,2nd Quarter,7,28.6699929,77.23000403
Delhi,11980061.0,238760608,384000.0,2021,3rd Quarter,7,28.6699929,77.23000403
Delhi,12785127.0,292683359,489000.0,2021,4th Quarter,7,28.6699929,77.23000403
Delhi,13539197.0,330999861,537000.0,2022,1st Quarter,7,28.6699929,77.23000403
Delhi,14260143.0,410634184,630000.0,2022,2nd Quarter,7,28.6699929,77.23000403
Delhi,15009523.0,475592161,678000.0,2022,3rd Quarter,7,28.6699929,77.23000403
Delhi,15764149.0,515203457,745000.0,2022,4th Quarter,7,28.6699929,77.23000403
Goa,91936.0,160897,303.86,2018,1st Quarter,30,15.491997,73.81800065
Goa,122174.0,229575,478.6,2018,2nd Quarter,30,15.491997,73.81800065
Goa,153802.0,339511,713.17,2018,3rd Quarter,30,15.491997,73.81800065
Goa,195350.0,514755,1153.01,2018,4th Quarter,30,15.491997,73.81800065
Goa,238152.0,738812,1475.32,2019,1st Quarter,30,15.491997,73.81800065
Goa,278940.0,768441,1591.87,2019,2nd Quarter,30,15.491997,73.81800065
Goa,317194.0,1092416,2000.37,2019,3rd Quarter,30,15.491997,73.81800065
Goa,353546.0,1515272,2923.46,2019,4th Quarter,30,15.491997,73.81800065
Goa,391900.0,1881237,3410.37,2020,1st Quarter,30,15.491997,73.81800065
Goa,430639.0,1482092,2183.62,2020,2nd Quarter,30,15.491997,73.81800065
Goa,474962.0,1915531,3368.34,2020,3rd Quarter,30,15.491997,73.81800065
Goa,527584.0,3801381,6899.79,2020,4th Quarter,30,15.491997,73.81800065
Goa,570035.0,5331549,9757.24,2021,1st Quarter,30,15.491997,73.81800065
Goa,609106.0,4710135,8012.85,2021,2nd Quarter,30,15.491997,73.81800065
Goa,653458.0,6467763,10478.43,2021,3rd Quarter,30,15.491997,73.81800065
Goa,697178.0,11088759,18627.26,2021,4th Quarter,30,15.491997,73.81800065
Goa,738628.0,12214098,19816.45,2022,1st Quarter,30,15.491997,73.81800065
Goa,777779.0,14216054,22873.04,2022,2nd Quarter,30,15.491997,73.81800065
Goa,817830.0,13188687,19574.27,2022,3rd Quarter,30,15.491997,73.81800065
Goa,855202.0,17192674,24924.99,2022,4th Quarter,30,15.491997,73.81800065
Gujarat,2690048.0,5948775,7577.98,2018,1st Quarter,24,22.6708,71.5724
Gujarat,3565825.0,7745733,12162.68,2018,2nd Quarter,24,22.6708,71.5724
Gujarat,4433183.0,11334149,17866.4,2018,3rd Quarter,24,22.6708,71.5724
Gujarat,5579040.0,14733303,24830.99,2018,4th Quarter,24,22.6708,71.5724
Gujarat,6652536.0,24991451,35856.08,2019,1st Quarter,24,22.6708,71.5724
Gujarat,7574645.0,28981842,49320.62,2019,2nd Quarter,24,22.6708,71.5724
Gujarat,8429299.0,38228649,59462.69,2019,3rd Quarter,24,22.6708,71.5724
Gujarat,9323799.0,42547632,76690.66,2019,4th Quarter,24,22.6708,71.5724
Gujarat,10259843.0,47326417,86995.08,2020,1st Quarter,24,22.6708,71.5724
Gujarat,11392657.0,47420185,80387.85,2020,2nd Quarter,24,22.6708,71.5724
Gujarat,12467847.0,59290179,112000.0,2020,3rd Quarter,24,22.6708,71.5724
Gujarat,13605203.0,77828547,148000.0,2020,4th Quarter,24,22.6708,71.5724
Gujarat,14670126.0,94774565,184000.0,2021,1st Quarter,24,22.6708,71.5724
Gujarat,15735981.0,111841396,210000.0,2021,2nd Quarter,24,22.6708,71.5724
Gujarat,16946761.0,149248407,273000.0,2021,3rd Quarter,24,22.6708,71.5724
Gujarat,18139201.0,182987325,342000.0,2021,4th Quarter,24,22.6708,71.5724
Gujarat,19265314.0,210547146,393000.0,2022,1st Quarter,24,22.6708,71.5724
Gujarat,20321596.0,252052796,447000.0,2022,2nd Quarter,24,22.6708,71.5724
Gujarat,21394721.0,303239732,497000.0,2022,3rd Quarter,24,22.6708,71.5724
Gujarat,22412353.0,341156018,568000.0,2022,4th Quarter,24,22.6708,71.5724
Haryana,1847357.0,4480770,6793.51,2018,1st Quarter,6,28.45000633,77.01999101
Haryana,2447221.0,6150931,11320.41,2018,2nd Quarter,6,28.45000633,77.01999101
Haryana,3020398.0,8262024,16375.14,2018,3rd Quarter,6,28.45000633,77.01999101
Haryana,3793079.0,12950183,25390.88,2018,4th Quarter,6,28.45000633,77.01999101
Haryana,4538767.0,22135775,34051.66,2019,1st Quarter,6,28.45000633,77.01999101
Haryana,5178030.0,22741816,42501.54,2019,2nd Quarter,6,28.45000633,77.01999101
Haryana,5783752.0,30343531,52489.12,2019,3rd Quarter,6,28.45000633,77.01999101
Haryana,6366679.0,37825985,69359.72,2019,4th Quarter,6,28.45000633,77.01999101
Haryana,7018770.0,44036087,81976.21,2020,1st Quarter,6,28.45000633,77.01999101
Haryana,7682878.0,41781050,80711.26,2020,2nd Quarter,6,28.45000633,77.01999101
Haryana,8398816.0,57938179,110000.0,2020,3rd Quarter,6,28.45000633,77.01999101
Haryana,9129873.0,83171439,160000.0,2020,4th Quarter,6,28.45000633,77.01999101
Haryana,9827905.0,90252784,169000.0,2021,1st Quarter,6,28.45000633,77.01999101
Haryana,10530594.0,105680856,200000.0,2021,2nd Quarter,6,28.45000633,77.01999101
Haryana,11325336.0,140459693,241000.0,2021,3rd Quarter,6,28.45000633,77.01999101
Haryana,12116439.0,169686975,309000.0,2021,4th Quarter,6,28.45000633,77.01999101
Haryana,12866988.0,191988609,341000.0,2022,1st Quarter,6,28.45000633,77.01999101
Haryana,13576065.0,234699962,395000.0,2022,2nd Quarter,6,28.45000633,77.01999101
Haryana,14303933.0,269361810,428000.0,2022,3rd Quarter,6,28.45000633,77.01999101
Haryana,14994944.0,296648365,490000.0,2022,4th Quarter,6,28.45000633,77.01999101
Himachal Pradesh,227373.0,481918,628.74,2018,1st Quarter,2,31.10002545,77.16659704
Himachal Pradesh,315299.0,687695,1183.17,2018,2nd Quarter,2,31.10002545,77.16659704
Himachal Pradesh,407634.0,886754,1754.04,2018,3rd Quarter,2,31.10002545,77.16659704
Himachal Pradesh,526343.0,1307883,2621.3,2018,4th Quarter,2,31.10002545,77.16659704
Himachal Pradesh,653205.0,2168718,3381.48,2019,1st Quarter,2,31.10002545,77.16659704
Himachal Pradesh,772603.0,2502306,4875.88,2019,2nd Quarter,2,31.10002545,77.16659704
Himachal Pradesh,876184.0,2735180,5572.02,2019,3rd Quarter,2,31.10002545,77.16659704
Himachal Pradesh,985945.0,3516646,7271.16,2019,4th Quarter,2,31.10002545,77.16659704
Himachal Pradesh,1106025.0,4144480,7419.47,2020,1st Quarter,2,31.10002545,77.16659704
Himachal Pradesh,1249867.0,4695730,8036.9,2020,2nd Quarter,2,31.10002545,77.16659704
Himachal Pradesh,1378634.0,5489876,10516.05,2020,3rd Quarter,2,31.10002545,77.16659704
Himachal Pradesh,1508766.0,7272328,13989.05,2020,4th Quarter,2,31.10002545,77.16659704
Himachal Pradesh,1622951.0,7614029,14120.55,2021,1st Quarter,2,31.10002545,77.16659704
Himachal Pradesh,1743151.0,9483902,16495.63,2021,2nd Quarter,2,31.10002545,77.16659704
Himachal Pradesh,1880626.0,12064167,21310.26,2021,3rd Quarter,2,31.10002545,77.16659704
Himachal Pradesh,2013747.0,14666864,26136.22,2021,4th Quarter,2,31.10002545,77.16659704
Himachal Pradesh,2143483.0,16088180,26518.45,2022,1st Quarter,2,31.10002545,77.16659704
Himachal Pradesh,2264407.0,21291371,33709.11,2022,2nd Quarter,2,31.10002545,77.16659704
Himachal Pradesh,2381576.0,25164868,37380.78,2022,3rd Quarter,2,31.10002545,77.16659704
Himachal Pradesh,2483076.0,28555136,41779.34,2022,4th Quarter,2,31.10002545,77.16659704
Jammu & Kashmir,176425.0,941568,1005.37,2018,1st Quarter,1,34.29995933,74.46665849
Jammu & Kashmir,261609.0,1796326,2651.21,2018,2nd Quarter,1,34.29995933,74.46665849
Jammu & Kashmir,342529.0,2303961,3934.7,2018,3rd Quarter,1,34.29995933,74.46665849
Jammu & Kashmir,436563.0,2721310,5664.72,2018,4th Quarter,1,34.29995933,74.46665849
Jammu & Kashmir,530669.0,3584987,5951.84,2019,1st Quarter,1,34.29995933,74.46665849
Jammu & Kashmir,631193.0,2296355,6100.14,2019,2nd Quarter,1,34.29995933,74.46665849
Jammu & Kashmir,658455.0,1116526,3744.23,2019,3rd Quarter,1,34.29995933,74.46665849
Jammu & Kashmir,673367.0,489928,1929.7,2019,4th Quarter,1,34.29995933,74.46665849
Jammu & Kashmir,735408.0,921630,2937.64,2020,1st Quarter,1,34.29995933,74.46665849
Jammu & Kashmir,845294.0,2635006,8265.65,2020,2nd Quarter,1,34.29995933,74.46665849
Jammu & Kashmir,949819.0,3465898,11977.23,2020,3rd Quarter,1,34.29995933,74.46665849
Jammu & Kashmir,1079022.0,5754444,15380.91,2020,4th Quarter,1,34.29995933,74.46665849
Jammu & Kashmir,1174818.0,6997570,17138.35,2021,1st Quarter,1,34.29995933,74.46665849
Jammu & Kashmir,1261267.0,10027819,22813.76,2021,2nd Quarter,1,34.29995933,74.46665849
Jammu & Kashmir,1359860.0,13151041,31598.44,2021,3rd Quarter,1,34.29995933,74.46665849
Jammu & Kashmir,1456810.0,16790628,38926.24,2021,4th Quarter,1,34.29995933,74.46665849
Jammu & Kashmir,1549320.0,16245311,33147.86,2022,1st Quarter,1,34.29995933,74.46665849
Jammu & Kashmir,1635570.0,23813747,46254.29,2022,2nd Quarter,1,34.29995933,74.46665849
Jammu & Kashmir,1719185.0,22534394,40963.55,2022,3rd Quarter,1,34.29995933,74.46665849
Jammu & Kashmir,1793434.0,27316158,44315.3,2022,4th Quarter,1,34.29995933,74.46665849
Jharkhand,885762.0,2178921,2374.19,2018,1st Quarter,20,23.80039349,86.41998572
Jharkhand,1230599.0,3152080,4721.58,2018,2nd Quarter,20,23.80039349,86.41998572
Jharkhand,1532362.0,8122621,8661.57,2018,3rd Quarter,20,23.80039349,86.41998572
Jharkhand,1913949.0,6284043,10241.92,2018,4th Quarter,20,23.80039349,86.41998572
Jharkhand,2279329.0,9387708,13627.24,2019,1st Quarter,20,23.80039349,86.41998572
Jharkhand,2604854.0,10128211,18622.7,2019,2nd Quarter,20,23.80039349,86.41998572
Jharkhand,2915511.0,14220647,21465.97,2019,3rd Quarter,20,23.80039349,86.41998572
Jharkhand,3281371.0,18248618,28147.75,2019,4th Quarter,20,23.80039349,86.41998572
Jharkhand,3651393.0,18282713,33611.23,2020,1st Quarter,20,23.80039349,86.41998572
Jharkhand,4061035.0,20141511,37486.2,2020,2nd Quarter,20,23.80039349,86.41998572
Jharkhand,4480027.0,27068473,50622.62,2020,3rd Quarter,20,23.80039349,86.41998572
Jharkhand,4917938.0,39431633,72805.17,2020,4th Quarter,20,23.80039349,86.41998572
Jharkhand,5313049.0,44621663,83749.35,2021,1st Quarter,20,23.80039349,86.41998572
Jharkhand,5701503.0,54002145,104000.0,2021,2nd Quarter,20,23.80039349,86.41998572
Jharkhand,6151843.0,70795702,122000.0,2021,3rd Quarter,20,23.80039349,86.41998572
Jharkhand,6596196.0,96009042,166000.0,2021,4th Quarter,20,23.80039349,86.41998572
Jharkhand,7025275.0,110911210,195000.0,2022,1st Quarter,20,23.80039349,86.41998572
Jharkhand,7426174.0,132925275,226000.0,2022,2nd Quarter,20,23.80039349,86.41998572
Jharkhand,7836429.0,146815332,229000.0,2022,3rd Quarter,20,23.80039349,86.41998572
Jharkhand,8217638.0,175300092,278000.0,2022,4th Quarter,20,23.80039349,86.41998572
Karnataka,3717763.0,12016899,19217.9,2018,1st Quarter,29,12.57038129,76.91999711
Karnataka,5030665.0,17116447,33515.58,2018,2nd Quarter,29,12.57038129,76.91999711
Karnataka,6372649.0,25980261,48225.09,2018,3rd Quarter,29,12.57038129,76.91999711
Karnataka,8315802.0,44812071,73008.39,2018,4th Quarter,29,12.57038129,76.91999711
Karnataka,10266174.0,86587609,118000.0,2019,1st Quarter,29,12.57038129,76.91999711
Karnataka,11968087.0,115401604,164000.0,2019,2nd Quarter,29,12.57038129,76.91999711
Karnataka,13635075.0,170733735,215000.0,2019,3rd Quarter,29,12.57038129,76.91999711
Karnataka,15385416.0,237796252,295000.0,2019,4th Quarter,29,12.57038129,76.91999711
Karnataka,17016980.0,271033890,353000.0,2020,1st Quarter,29,12.57038129,76.91999711
Karnataka,18655366.0,213221712,321000.0,2020,2nd Quarter,29,12.57038129,76.91999711
Karnataka,20487550.0,300360531,471000.0,2020,3rd Quarter,29,12.57038129,76.91999711
Karnataka,22400182.0,431536984,658000.0,2020,4th Quarter,29,12.57038129,76.91999711
Karnataka,24095832.0,523797492,755000.0,2021,1st Quarter,29,12.57038129,76.91999711
Karnataka,25751023.0,530649046,838000.0,2021,2nd Quarter,29,12.57038129,76.91999711
Karnataka,27614221.0,753296539,1130000.0,2021,3rd Quarter,29,12.57038129,76.91999711
Karnataka,29459646.0,931725438,1380000.0,2021,4th Quarter,29,12.57038129,76.91999711
Karnataka,31200349.0,1057855407,1570000.0,2022,1st Quarter,29,12.57038129,76.91999711
Karnataka,32831447.0,1277448960,1870000.0,2022,2nd Quarter,29,12.57038129,76.91999711
Karnataka,34493994.0,1189761328,1670000.0,2022,3rd Quarter,29,12.57038129,76.91999711
Karnataka,36081698.0,1378910371,1900000.0,2022,4th Quarter,29,12.57038129,76.91999711
Kerala,784184.0,1771380,2402.67,2018,1st Quarter,32,8.900372741,76.56999263
Kerala,1066587.0,2308165,3886.92,2018,2nd Quarter,32,8.900372741,76.56999263
Kerala,1347598.0,3134348,5323.03,2018,3rd Quarter,32,8.900372741,76.56999263
Kerala,1757326.0,4310654,7747.36,2018,4th Quarter,32,8.900372741,76.56999263
Kerala,2136624.0,6469039,10235.03,2019,1st Quarter,32,8.900372741,76.56999263
Kerala,2550167.0,7283826,13031.37,2019,2nd Quarter,32,8.900372741,76.56999263
Kerala,2990963.0,9286096,16429.81,2019,3rd Quarter,32,8.900372741,76.56999263
Kerala,3503938.0,12498637,21151.33,2019,4th Quarter,32,8.900372741,76.56999263
Kerala,4078316.0,15733522,26451.08,2020,1st Quarter,32,8.900372741,76.56999263
Kerala,4728844.0,16287967,25894.08,2020,2nd Quarter,32,8.900372741,76.56999263
Kerala,5582300.0,21758680,40164.15,2020,3rd Quarter,32,8.900372741,76.56999263
Kerala,6387169.0,33288187,56755.26,2020,4th Quarter,32,8.900372741,76.56999263
Kerala,6936943.0,42316342,69260.97,2021,1st Quarter,32,8.900372741,76.56999263
Kerala,7416083.0,47191033,74226.81,2021,2nd Quarter,32,8.900372741,76.56999263
Kerala,7949425.0,63028266,102000.0,2021,3rd Quarter,32,8.900372741,76.56999263
Kerala,8473810.0,81823741,123000.0,2021,4th Quarter,32,8.900372741,76.56999263
Kerala,8972299.0,95280965,140000.0,2022,1st Quarter,32,8.900372741,76.56999263
Kerala,9442533.0,106365322,155000.0,2022,2nd Quarter,32,8.900372741,76.56999263
Kerala,9933977.0,119362904,162000.0,2022,3rd Quarter,32,8.900372741,76.56999263
Kerala,10382102.0,132960468,174000.0,2022,4th Quarter,32,8.900372741,76.56999263
Lakshadweep,501.0,778,1.93,2018,1st Quarter,31,10.56257331,72.63686717
Lakshadweep,686.0,2132,6.19,2018,2nd Quarter,31,10.56257331,72.63686717
Lakshadweep,918.0,1703,4.34,2018,3rd Quarter,31,10.56257331,72.63686717
Lakshadweep,1156.0,1642,4.46,2018,4th Quarter,31,10.56257331,72.63686717
Lakshadweep,1416.0,2481,8.79,2019,1st Quarter,31,10.56257331,72.63686717
Lakshadweep,1747.0,2926,9.24,2019,2nd Quarter,31,10.56257331,72.63686717
Lakshadweep,2117.0,3104,9.65,2019,3rd Quarter,31,10.56257331,72.63686717
Lakshadweep,2427.0,3765,11.27,2019,4th Quarter,31,10.56257331,72.63686717
Lakshadweep,2772.0,5151,13.5,2020,1st Quarter,31,10.56257331,72.63686717
Lakshadweep,3187.0,7220,16.94,2020,2nd Quarter,31,10.56257331,72.63686717
Lakshadweep,3644.0,8589,21.31,2020,3rd Quarter,31,10.56257331,72.63686717
Lakshadweep,4179.0,11650,30.11,2020,4th Quarter,31,10.56257331,72.63686717
Lakshadweep,4577.0,9085,27.04,2021,1st Quarter,31,10.56257331,72.63686717
Lakshadweep,4896.0,11384,27.38,2021,2nd Quarter,31,10.56257331,72.63686717
Lakshadweep,5287.0,13370,38.8,2021,3rd Quarter,31,10.56257331,72.63686717
Lakshadweep,5638.0,15470,51.0,2021,4th Quarter,31,10.56257331,72.63686717
Lakshadweep,5990.0,16397,54.94,2022,1st Quarter,31,10.56257331,72.63686717
Lakshadweep,6327.0,17569,55.93,2022,2nd Quarter,31,10.56257331,72.63686717
Lakshadweep,6645.0,15241,47.58,2022,3rd Quarter,31,10.56257331,72.63686717
Lakshadweep,6961.0,17147,54.81,2022,4th Quarter,31,10.56257331,72.63686717
Madhya Pradesh,2553603.0,8025395,8681.6,2018,1st Quarter,23,21.30039105,76.13001949
Madhya Pradesh,3441662.0,10561412,15924.08,2018,2nd Quarter,23,21.30039105,76.13001949
Madhya Pradesh,4309309.0,17126985,24149.74,2018,3rd Quarter,23,21.30039105,76.13001949
Madhya Pradesh,5365442.0,21397555,33905.61,2018,4th Quarter,23,21.30039105,76.13001949
Madhya Pradesh,6414403.0,37301049,48070.28,2019,1st Quarter,23,21.30039105,76.13001949
Madhya Pradesh,7301172.0,40846013,68334.57,2019,2nd Quarter,23,21.30039105,76.13001949
Madhya Pradesh,8180664.0,53610411,77676.32,2019,3rd Quarter,23,21.30039105,76.13001949
Madhya Pradesh,9165241.0,68131989,105000.0,2019,4th Quarter,23,21.30039105,76.13001949
Madhya Pradesh,10151371.0,79366746,127000.0,2020,1st Quarter,23,21.30039105,76.13001949
Madhya Pradesh,11374423.0,76340573,148000.0,2020,2nd Quarter,23,21.30039105,76.13001949
Madhya Pradesh,12564224.0,108579881,206000.0,2020,3rd Quarter,23,21.30039105,76.13001949
Madhya Pradesh,13737947.0,153652541,284000.0,2020,4th Quarter,23,21.30039105,76.13001949
Madhya Pradesh,14839427.0,201998498,344000.0,2021,1st Quarter,23,21.30039105,76.13001949
Madhya Pradesh,15940935.0,223314680,426000.0,2021,2nd Quarter,23,21.30039105,76.13001949
Madhya Pradesh,17210233.0,311443334,504000.0,2021,3rd Quarter,23,21.30039105,76.13001949
Madhya Pradesh,18456243.0,404308084,657000.0,2021,4th Quarter,23,21.30039105,76.13001949
Madhya Pradesh,19656147.0,472703058,748000.0,2022,1st Quarter,23,21.30039105,76.13001949
Madhya Pradesh,20766417.0,544899829,867000.0,2022,2nd Quarter,23,21.30039105,76.13001949
Madhya Pradesh,21884220.0,731259559,1030000.0,2022,3rd Quarter,23,21.30039105,76.13001949
Madhya Pradesh,22913924.0,898828268,1300000.0,2022,4th Quarter,23,21.30039105,76.13001949
Maharashtra,6106994.0,16387034,21711.61,2018,1st Quarter,27,19.25023195,73.16017493
Maharashtra,8222371.0,22285740,36357.06,2018,2nd Quarter,27,19.25023195,73.16017493
Maharashtra,10435033.0,31538538,52260.82,2018,3rd Quarter,27,19.25023195,73.16017493
Maharashtra,13381602.0,46090223,79518.94,2018,4th Quarter,27,19.25023195,73.16017493
Maharashtra,16284451.0,75079069,111000.0,2019,1st Quarter,27,19.25023195,73.16017493
Maharashtra,18776975.0,101149853,153000.0,2019,2nd Quarter,27,19.25023195,73.16017493
Maharashtra,21313081.0,148735581,200000.0,2019,3rd Quarter,27,19.25023195,73.16017493
Maharashtra,23745297.0,201260620,273000.0,2019,4th Quarter,27,19.25023195,73.16017493
Maharashtra,26168390.0,238944081,320000.0,2020,1st Quarter,27,19.25023195,73.16017493
Maharashtra,28765086.0,184790761,296000.0,2020,2nd Quarter,27,19.25023195,73.16017493
Maharashtra,31409513.0,268310924,440000.0,2020,3rd Quarter,27,19.25023195,73.16017493
Maharashtra,34432631.0,407621004,622000.0,2020,4th Quarter,27,19.25023195,73.16017493
Maharashtra,37077537.0,517860240,770000.0,2021,1st Quarter,27,19.25023195,73.16017493
Maharashtra,39664697.0,573616486,915000.0,2021,2nd Quarter,27,19.25023195,73.16017493
Maharashtra,42581217.0,792874060,1160000.0,2021,3rd Quarter,27,19.25023195,73.16017493
Maharashtra,45482506.0,1010731502,1480000.0,2021,4th Quarter,27,19.25023195,73.16017493
Maharashtra,48227630.0,1169506438,1680000.0,2022,1st Quarter,27,19.25023195,73.16017493
Maharashtra,50802786.0,1407533113,2010000.0,2022,2nd Quarter,27,19.25023195,73.16017493
Maharashtra,53432602.0,1486389417,1950000.0,2022,3rd Quarter,27,19.25023195,73.16017493
Maharashtra,55954028.0,1688775272,2210000.0,2022,4th Quarter,27,19.25023195,73.16017493
Manipur,29925.0,84069,128.05,2018,1st Quarter,14,24.79997072,93.95001705
Manipur,46055.0,151721,253.21,2018,2nd Quarter,14,24.79997072,93.95001705
Manipur,61935.0,189258,383.33,2018,3rd Quarter,14,24.79997072,93.95001705
Manipur,82589.0,236110,605.68,2018,4th Quarter,14,24.79997072,93.95001705
Manipur,99527.0,265409,659.9,2019,1st Quarter,14,24.79997072,93.95001705
Manipur,117747.0,257425,722.79,2019,2nd Quarter,14,24.79997072,93.95001705
Manipur,136316.0,345008,863.55,2019,3rd Quarter,14,24.79997072,93.95001705
Manipur,155358.0,449344,1200.9,2019,4th Quarter,14,24.79997072,93.95001705
Manipur,177374.0,818801,2598.59,2020,1st Quarter,14,24.79997072,93.95001705
Manipur,215496.0,1083068,3198.94,2020,2nd Quarter,14,24.79997072,93.95001705
Manipur,258563.0,1420168,4615.98,2020,3rd Quarter,14,24.79997072,93.95001705
Manipur,288772.0,1627852,5602.22,2020,4th Quarter,14,24.79997072,93.95001705
Manipur,312668.0,2303535,7070.29,2021,1st Quarter,14,24.79997072,93.95001705
Manipur,335409.0,3086275,7889.83,2021,2nd Quarter,14,24.79997072,93.95001705
Manipur,361749.0,3941396,10406.86,2021,3rd Quarter,14,24.79997072,93.95001705
Manipur,387746.0,4687439,12658.47,2021,4th Quarter,14,24.79997072,93.95001705
Manipur,411900.0,5313679,14144.5,2022,1st Quarter,14,24.79997072,93.95001705
Manipur,434563.0,6105632,14922.91,2022,2nd Quarter,14,24.79997072,93.95001705
Manipur,457063.0,6352742,15381.43,2022,3rd Quarter,14,24.79997072,93.95001705
Manipur,477292.0,6428670,15625.96,2022,4th Quarter,14,24.79997072,93.95001705
Meghalaya,18513.0,49571,66.25,2018,1st Quarter,17,25.57049217,91.8800142
Meghalaya,26618.0,67857,117.0,2018,2nd Quarter,17,25.57049217,91.8800142
Meghalaya,37281.0,110290,209.85,2018,3rd Quarter,17,25.57049217,91.8800142
Meghalaya,49634.0,161132,337.59,2018,4th Quarter,17,25.57049217,91.8800142
Meghalaya,61487.0,208741,399.04,2019,1st Quarter,17,25.57049217,91.8800142
Meghalaya,74746.0,232286,492.93,2019,2nd Quarter,17,25.57049217,91.8800142
Meghalaya,87395.0,306550,612.22,2019,3rd Quarter,17,25.57049217,91.8800142
Meghalaya,100030.0,365981,742.44,2019,4th Quarter,17,25.57049217,91.8800142
Meghalaya,113814.0,502283,1120.13,2020,1st Quarter,17,25.57049217,91.8800142
Meghalaya,136211.0,635395,1153.74,2020,2nd Quarter,17,25.57049217,91.8800142
Meghalaya,157741.0,597579,1237.06,2020,3rd Quarter,17,25.57049217,91.8800142
Meghalaya,176447.0,754008,1804.24,2020,4th Quarter,17,25.57049217,91.8800142
Meghalaya,190869.0,747646,2055.52,2021,1st Quarter,17,25.57049217,91.8800142
Meghalaya,205686.0,909594,2193.62,2021,2nd Quarter,17,25.57049217,91.8800142
Meghalaya,223065.0,1097731,2769.0,2021,3rd Quarter,17,25.57049217,91.8800142
Meghalaya,240268.0,1440193,3848.77,2021,4th Quarter,17,25.57049217,91.8800142
Meghalaya,255839.0,1674750,4662.34,2022,1st Quarter,17,25.57049217,91.8800142
Meghalaya,269943.0,2044649,5281.49,2022,2nd Quarter,17,25.57049217,91.8800142
Meghalaya,283487.0,4359165,9603.3,2022,3rd Quarter,17,25.57049217,91.8800142
Meghalaya,295322.0,3932448,8996.54,2022,4th Quarter,17,25.57049217,91.8800142
Mizoram,7593.0,18561,45.23,2018,1st Quarter,15,23.71039899,92.72001461
Mizoram,10422.0,27051,83.51,2018,2nd Quarter,15,23.71039899,92.72001461
Mizoram,14502.0,39316,116.6,2018,3rd Quarter,15,23.71039899,92.72001461
Mizoram,19365.0,55242,190.43,2018,4th Quarter,15,23.71039899,92.72001461
Mizoram,23670.0,70306,218.16,2019,1st Quarter,15,23.71039899,92.72001461
Mizoram,28696.0,75671,248.02,2019,2nd Quarter,15,23.71039899,92.72001461
Mizoram,34134.0,98094,278.79,2019,3rd Quarter,15,23.71039899,92.72001461
Mizoram,39809.0,125239,368.69,2019,4th Quarter,15,23.71039899,92.72001461
Mizoram,46499.0,153609,392.08,2020,1st Quarter,15,23.71039899,92.72001461
Mizoram,55574.0,198462,457.19,2020,2nd Quarter,15,23.71039899,92.72001461
Mizoram,68315.0,254703,707.94,2020,3rd Quarter,15,23.71039899,92.72001461
Mizoram,78731.0,322607,986.52,2020,4th Quarter,15,23.71039899,92.72001461
Mizoram,85750.0,329575,1101.11,2021,1st Quarter,15,23.71039899,92.72001461
Mizoram,92552.0,394340,1122.87,2021,2nd Quarter,15,23.71039899,92.72001461
Mizoram,100647.0,478529,1473.75,2021,3rd Quarter,15,23.71039899,92.72001461
Mizoram,108405.0,553329,1770.67,2021,4th Quarter,15,23.71039899,92.72001461
Mizoram,115295.0,604917,1945.16,2022,1st Quarter,15,23.71039899,92.72001461
Mizoram,121535.0,643977,2003.19,2022,2nd Quarter,15,23.71039899,92.72001461
Mizoram,127735.0,659038,1946.27,2022,3rd Quarter,15,23.71039899,92.72001461
Mizoram,132870.0,693774,2037.91,2022,4th Quarter,15,23.71039899,92.72001461
Nagaland,15074.0,42845,78.01,2018,1st Quarter,13,25.6669979,94.11657019
Nagaland,22436.0,65599,153.33,2018,2nd Quarter,13,25.6669979,94.11657019
Nagaland,32090.0,94371,241.79,2018,3rd Quarter,13,25.6669979,94.11657019
Nagaland,42997.0,139333,388.01,2018,4th Quarter,13,25.6669979,94.11657019
Nagaland,53911.0,168579,441.94,2019,1st Quarter,13,25.6669979,94.11657019
Nagaland,66891.0,188753,520.07,2019,2nd Quarter,13,25.6669979,94.11657019
Nagaland,80077.0,261878,650.96,2019,3rd Quarter,13,25.6669979,94.11657019
Nagaland,93124.0,317170,834.54,2019,4th Quarter,13,25.6669979,94.11657019
Nagaland,107143.0,378051,894.78,2020,1st Quarter,13,25.6669979,94.11657019
Nagaland,130205.0,517566,1137.67,2020,2nd Quarter,13,25.6669979,94.11657019
Nagaland,173106.0,736319,2009.65,2020,3rd Quarter,13,25.6669979,94.11657019
Nagaland,192188.0,847825,2773.08,2020,4th Quarter,13,25.6669979,94.11657019
Nagaland,207808.0,975897,3107.45,2021,1st Quarter,13,25.6669979,94.11657019
Nagaland,223337.0,1130791,3156.29,2021,2nd Quarter,13,25.6669979,94.11657019
Nagaland,241797.0,1356792,3987.42,2021,3rd Quarter,13,25.6669979,94.11657019
Nagaland,259990.0,1631483,4939.08,2021,4th Quarter,13,25.6669979,94.11657019
Nagaland,276483.0,1925952,5544.95,2022,1st Quarter,13,25.6669979,94.11657019
Nagaland,292104.0,2031329,5740.29,2022,2nd Quarter,13,25.6669979,94.11657019
Nagaland,307386.0,1894113,5364.4,2022,3rd Quarter,13,25.6669979,94.11657019
Nagaland,321205.0,2476205,6969.97,2022,4th Quarter,13,25.6669979,94.11657019
Odisha,1594015.0,5809821,4627.63,2018,1st Quarter,21,19.82042971,85.90001746
Odisha,2185781.0,8158144,8488.31,2018,2nd Quarter,21,19.82042971,85.90001746
Odisha,2795718.0,30052155,23094.52,2018,3rd Quarter,21,19.82042971,85.90001746
Odisha,3623911.0,21142798,23429.87,2018,4th Quarter,21,19.82042971,85.90001746
Odisha,4320744.0,34031942,35427.13,2019,1st Quarter,21,19.82042971,85.90001746
Odisha,4845359.0,29512024,44754.85,2019,2nd Quarter,21,19.82042971,85.90001746
Odisha,5387209.0,41422272,57304.58,2019,3rd Quarter,21,19.82042971,85.90001746
Odisha,6115537.0,64995633,79769.37,2019,4th Quarter,21,19.82042971,85.90001746
Odisha,6652970.0,53682307,91956.8,2020,1st Quarter,21,19.82042971,85.90001746
Odisha,7258315.0,50028576,91733.04,2020,2nd Quarter,21,19.82042971,85.90001746
Odisha,7901755.0,66033829,122000.0,2020,3rd Quarter,21,19.82042971,85.90001746
Odisha,8598751.0,92324950,178000.0,2020,4th Quarter,21,19.82042971,85.90001746
Odisha,9233009.0,111460358,213000.0,2021,1st Quarter,21,19.82042971,85.90001746
Odisha,9891029.0,131824337,246000.0,2021,2nd Quarter,21,19.82042971,85.90001746
Odisha,10652490.0,177362674,304000.0,2021,3rd Quarter,21,19.82042971,85.90001746
Odisha,11399235.0,233925366,385000.0,2021,4th Quarter,21,19.82042971,85.90001746
Odisha,12124779.0,263633499,451000.0,2022,1st Quarter,21,19.82042971,85.90001746
Odisha,12801990.0,313451598,510000.0,2022,2nd Quarter,21,19.82042971,85.90001746
Odisha,13493282.0,386687326,565000.0,2022,3rd Quarter,21,19.82042971,85.90001746
Odisha,14127239.0,445714743,652000.0,2022,4th Quarter,21,19.82042971,85.90001746
Puducherry,49318.0,104212,165.83,2018,1st Quarter,34,11.93499371,79.83000037
Puducherry,65580.0,130261,285.8,2018,2nd Quarter,34,11.93499371,79.83000037
Puducherry,81546.0,190271,417.66,2018,3rd Quarter,34,11.93499371,79.83000037
Puducherry,109494.0,307964,625.69,2018,4th Quarter,34,11.93499371,79.83000037
Puducherry,133059.0,501092,906.47,2019,1st Quarter,34,11.93499371,79.83000037
Puducherry,156458.0,580077,1211.45,2019,2nd Quarter,34,11.93499371,79.83000037
Puducherry,177868.0,716826,1460.71,2019,3rd Quarter,34,11.93499371,79.83000037
Puducherry,204292.0,1012655,1932.03,2019,4th Quarter,34,11.93499371,79.83000037
Puducherry,230908.0,1207921,2205.28,2020,1st Quarter,34,11.93499371,79.83000037
Puducherry,255600.0,1033383,1960.03,2020,2nd Quarter,34,11.93499371,79.83000037
Puducherry,285173.0,1730902,3598.08,2020,3rd Quarter,34,11.93499371,79.83000037
Puducherry,319626.0,2716003,4930.53,2020,4th Quarter,34,11.93499371,79.83000037
Puducherry,346279.0,3309432,5899.31,2021,1st Quarter,34,11.93499371,79.83000037
Puducherry,369961.0,3751387,6498.83,2021,2nd Quarter,34,11.93499371,79.83000037
Puducherry,396609.0,5121726,8729.97,2021,3rd Quarter,34,11.93499371,79.83000037
Puducherry,423167.0,6368810,10423.65,2021,4th Quarter,34,11.93499371,79.83000037
Puducherry,448051.0,7359176,12083.47,2022,1st Quarter,34,11.93499371,79.83000037
Puducherry,471663.0,8643687,13778.75,2022,2nd Quarter,34,11.93499371,79.83000037
Puducherry,496570.0,7042727,10854.32,2022,3rd Quarter,34,11.93499371,79.83000037
Puducherry,520649.0,7556127,11142.2,2022,4th Quarter,34,11.93499371,79.83000037
Punjab,847142.0,1870433,2780.76,2018,1st Quarter,3,31.51997398,75.98000281
Punjab,1152190.0,2581163,4684.67,2018,2nd Quarter,3,31.51997398,75.98000281
Punjab,1473148.0,3462108,7065.69,2018,3rd Quarter,3,31.51997398,75.98000281
Punjab,1865715.0,4887137,10781.98,2018,4th Quarter,3,31.51997398,75.98000281
Punjab,2226590.0,7172137,13574.49,2019,1st Quarter,3,31.51997398,75.98000281
Punjab,2600112.0,8509830,18614.79,2019,2nd Quarter,3,31.51997398,75.98000281
Punjab,2962713.0,10706812,22905.82,2019,3rd Quarter,3,31.51997398,75.98000281
Punjab,3321742.0,13698625,29989.8,2019,4th Quarter,3,31.51997398,75.98000281
Punjab,3739502.0,15217784,31374.19,2020,1st Quarter,3,31.51997398,75.98000281
Punjab,4225481.0,14081294,30284.65,2020,2nd Quarter,3,31.51997398,75.98000281
Punjab,4694233.0,17209573,40123.09,2020,3rd Quarter,3,31.51997398,75.98000281
Punjab,5157868.0,22997925,53775.41,2020,4th Quarter,3,31.51997398,75.98000281
Punjab,5568777.0,26770835,58690.89,2021,1st Quarter,3,31.51997398,75.98000281
Punjab,5976548.0,32171248,69531.06,2021,2nd Quarter,3,31.51997398,75.98000281
Punjab,6434862.0,42533489,85992.56,2021,3rd Quarter,3,31.51997398,75.98000281
Punjab,6880103.0,52359360,111000.0,2021,4th Quarter,3,31.51997398,75.98000281
Punjab,7302726.0,57758302,118000.0,2022,1st Quarter,3,31.51997398,75.98000281
Punjab,7702100.0,72272823,137000.0,2022,2nd Quarter,3,31.51997398,75.98000281
Punjab,8097582.0,84177897,149000.0,2022,3rd Quarter,3,31.51997398,75.98000281
Punjab,8462753.0,91835180,168000.0,2022,4th Quarter,3,31.51997398,75.98000281
Rajasthan,3158202.0,7591690,8926.29,2018,1st Quarter,8,26.44999921,74.63998124
Rajasthan,4212964.0,9973697,15559.09,2018,2nd Quarter,8,26.44999921,74.63998124
Rajasthan,5175453.0,14257098,24040.77,2018,3rd Quarter,8,26.44999921,74.63998124
Rajasthan,6358738.0,20959723,37909.09,2018,4th Quarter,8,26.44999921,74.63998124
Rajasthan,7712204.0,43956040,61141.16,2019,1st Quarter,8,26.44999921,74.63998124
Rajasthan,8783935.0,50009286,89107.31,2019,2nd Quarter,8,26.44999921,74.63998124
Rajasthan,9797304.0,67303617,112000.0,2019,3rd Quarter,8,26.44999921,74.63998124
Rajasthan,10925031.0,85074242,159000.0,2019,4th Quarter,8,26.44999921,74.63998124
Rajasthan,12142053.0,102258812,190000.0,2020,1st Quarter,8,26.44999921,74.63998124
Rajasthan,13563201.0,101954656,194000.0,2020,2nd Quarter,8,26.44999921,74.63998124
Rajasthan,14969412.0,149088676,294000.0,2020,3rd Quarter,8,26.44999921,74.63998124
Rajasthan,16329494.0,190283435,386000.0,2020,4th Quarter,8,26.44999921,74.63998124
Rajasthan,17661088.0,252730919,491000.0,2021,1st Quarter,8,26.44999921,74.63998124
Rajasthan,18980985.0,287477039,562000.0,2021,2nd Quarter,8,26.44999921,74.63998124
Rajasthan,20499465.0,400284753,711000.0,2021,3rd Quarter,8,26.44999921,74.63998124
Rajasthan,21977202.0,487621597,904000.0,2021,4th Quarter,8,26.44999921,74.63998124
Rajasthan,23398857.0,564962220,1020000.0,2022,1st Quarter,8,26.44999921,74.63998124
Rajasthan,24716181.0,661170150,1150000.0,2022,2nd Quarter,8,26.44999921,74.63998124
Rajasthan,26042948.0,767541360,1240000.0,2022,3rd Quarter,8,26.44999921,74.63998124
Rajasthan,27255927.0,865574848,1460000.0,2022,4th Quarter,8,26.44999921,74.63998124
Sikkim,20051.0,44078,64.65,2018,1st Quarter,11,27.3333303,88.6166475
Sikkim,28097.0,74578,143.69,2018,2nd Quarter,11,27.3333303,88.6166475
Sikkim,37637.0,108500,235.08,2018,3rd Quarter,11,27.3333303,88.6166475
Sikkim,48538.0,154533,383.14,2018,4th Quarter,11,27.3333303,88.6166475
Sikkim,58956.0,240287,457.99,2019,1st Quarter,11,27.3333303,88.6166475
Sikkim,70999.0,388244,738.89,2019,2nd Quarter,11,27.3333303,88.6166475
Sikkim,82128.0,552436,884.72,2019,3rd Quarter,11,27.3333303,88.6166475
Sikkim,92972.0,767070,1176.51,2019,4th Quarter,11,27.3333303,88.6166475
Sikkim,104631.0,528118,1053.48,2020,1st Quarter,11,27.3333303,88.6166475
Sikkim,119921.0,517731,1054.62,2020,2nd Quarter,11,27.3333303,88.6166475
Sikkim,134773.0,596435,1400.93,2020,3rd Quarter,11,27.3333303,88.6166475
Sikkim,148543.0,735035,1919.28,2020,4th Quarter,11,27.3333303,88.6166475
Sikkim,160213.0,800189,2217.67,2021,1st Quarter,11,27.3333303,88.6166475
Sikkim,171740.0,976714,2424.9,2021,2nd Quarter,11,27.3333303,88.6166475
Sikkim,184693.0,1160594,2989.34,2021,3rd Quarter,11,27.3333303,88.6166475
Sikkim,197407.0,1584345,4196.78,2021,4th Quarter,11,27.3333303,88.6166475
Sikkim,209616.0,1744302,4367.43,2022,1st Quarter,11,27.3333303,88.6166475
Sikkim,220994.0,2322081,5611.11,2022,2nd Quarter,11,27.3333303,88.6166475
Sikkim,232025.0,2396758,5162.88,2022,3rd Quarter,11,27.3333303,88.6166475
Sikkim,241968.0,3058339,6458.39,2022,4th Quarter,11,27.3333303,88.6166475
Tamil Nadu,2104754.0,6726622,11261.56,2018,1st Quarter,33,12.92038576,79.15004187
Tamil Nadu,2996036.0,9992128,20125.84,2018,2nd Quarter,33,12.92038576,79.15004187
Tamil Nadu,3900177.0,15774078,29330.09,2018,3rd Quarter,33,12.92038576,79.15004187
Tamil Nadu,5199878.0,22457444,43302.07,2018,4th Quarter,33,12.92038576,79.15004187
Tamil Nadu,6296303.0,32275045,56204.04,2019,1st Quarter,33,12.92038576,79.15004187
Tamil Nadu,7429609.0,32171737,64207.68,2019,2nd Quarter,33,12.92038576,79.15004187
Tamil Nadu,8428835.0,41410183,78959.6,2019,3rd Quarter,33,12.92038576,79.15004187
Tamil Nadu,9620493.0,56596411,103000.0,2019,4th Quarter,33,12.92038576,79.15004187
Tamil Nadu,10872368.0,66953473,117000.0,2020,1st Quarter,33,12.92038576,79.15004187
Tamil Nadu,12150786.0,51870110,95826.51,2020,2nd Quarter,33,12.92038576,79.15004187
Tamil Nadu,13643451.0,70277825,144000.0,2020,3rd Quarter,33,12.92038576,79.15004187
Tamil Nadu,15357586.0,111179701,206000.0,2020,4th Quarter,33,12.92038576,79.15004187
Tamil Nadu,16632608.0,136556674,249000.0,2021,1st Quarter,33,12.92038576,79.15004187
Tamil Nadu,17804542.0,146158442,263000.0,2021,2nd Quarter,33,12.92038576,79.15004187
Tamil Nadu,19127440.0,204357404,365000.0,2021,3rd Quarter,33,12.92038576,79.15004187
Tamil Nadu,20433142.0,259155976,444000.0,2021,4th Quarter,33,12.92038576,79.15004187
Tamil Nadu,21667020.0,294573150,513000.0,2022,1st Quarter,33,12.92038576,79.15004187
Tamil Nadu,22829720.0,354506937,590000.0,2022,2nd Quarter,33,12.92038576,79.15004187
Tamil Nadu,24019964.0,393496175,632000.0,2022,3rd Quarter,33,12.92038576,79.15004187
Tamil Nadu,25136112.0,436316636,676000.0,2022,4th Quarter,33,12.92038576,79.15004187
Telangana,3315560.0,8522766,13308.2,2018,1st Quarter,0,18.1124,79.0193
Telangana,4260115.0,10764670,23017.2,2018,2nd Quarter,0,18.1124,79.0193
Telangana,5138501.0,19332703,32030.09,2018,3rd Quarter,0,18.1124,79.0193
Telangana,6529679.0,28921154,49509.09,2018,4th Quarter,0,18.1124,79.0193
Telangana,7963425.0,65290702,95523.26,2019,1st Quarter,0,18.1124,79.0193
Telangana,9046007.0,89610379,156000.0,2019,2nd Quarter,0,18.1124,79.0193
Telangana,10090557.0,121495376,202000.0,2019,3rd Quarter,0,18.1124,79.0193
Telangana,11220691.0,163572258,281000.0,2019,4th Quarter,0,18.1124,79.0193
Telangana,12306860.0,199409525,371000.0,2020,1st Quarter,0,18.1124,79.0193
Telangana,13378191.0,152055143,322000.0,2020,2nd Quarter,0,18.1124,79.0193
Telangana,14590882.0,236372126,506000.0,2020,3rd Quarter,0,18.1124,79.0193
Telangana,15927797.0,343643787,696000.0,2020,4th Quarter,0,18.1124,79.0193
Telangana,17149069.0,412572110,799000.0,2021,1st Quarter,0,18.1124,79.0193
Telangana,18306880.0,495867544,1030000.0,2021,2nd Quarter,0,18.1124,79.0193
Telangana,19615278.0,622886768,1180000.0,2021,3rd Quarter,0,18.1124,79.0193
Telangana,20917649.0,775989773,1460000.0,2021,4th Quarter,0,18.1124,79.0193
Telangana,22150612.0,886453385,1670000.0,2022,1st Quarter,0,18.1124,79.0193
Telangana,23314363.0,1063382557,1950000.0,2022,2nd Quarter,0,18.1124,79.0193
Telangana,24506111.0,1628165401,2710000.0,2022,3rd Quarter,0,18.1124,79.0193
Telangana,25656381.0,1819506832,2980000.0,2022,4th Quarter,0,18.1124,79.0193
Tripura,55157.0,148157,137.98,2018,1st Quarter,16,23.83540428,91.27999914
Tripura,83369.0,214559,236.89,2018,2nd Quarter,16,23.83540428,91.27999914
Tripura,116874.0,377703,453.86,2018,3rd Quarter,16,23.83540428,91.27999914
Tripura,153265.0,448059,624.89,2018,4th Quarter,16,23.83540428,91.27999914
Tripura,183254.0,580926,756.89,2019,1st Quarter,16,23.83540428,91.27999914
Tripura,217644.0,532558,841.82,2019,2nd Quarter,16,23.83540428,91.27999914
Tripura,245456.0,711717,1017.38,2019,3rd Quarter,16,23.83540428,91.27999914
Tripura,272298.0,801824,1215.4,2019,4th Quarter,16,23.83540428,91.27999914
Tripura,299962.0,924502,1588.78,2020,1st Quarter,16,23.83540428,91.27999914
Tripura,336666.0,1052520,1769.18,2020,2nd Quarter,16,23.83540428,91.27999914
Tripura,376731.0,1317885,2341.82,2020,3rd Quarter,16,23.83540428,91.27999914
Tripura,409110.0,1651890,3182.13,2020,4th Quarter,16,23.83540428,91.27999914
Tripura,439636.0,1511423,3335.34,2021,1st Quarter,16,23.83540428,91.27999914
Tripura,472153.0,1744429,3468.15,2021,2nd Quarter,16,23.83540428,91.27999914
Tripura,509929.0,2081200,4364.13,2021,3rd Quarter,16,23.83540428,91.27999914
Tripura,546292.0,2520693,5496.93,2021,4th Quarter,16,23.83540428,91.27999914
Tripura,582124.0,2871190,6247.33,2022,1st Quarter,16,23.83540428,91.27999914
Tripura,615782.0,3418664,6878.27,2022,2nd Quarter,16,23.83540428,91.27999914
Tripura,649143.0,4256579,8648.35,2022,3rd Quarter,16,23.83540428,91.27999914
Tripura,678741.0,5198190,10452.97,2022,4th Quarter,16,23.83540428,91.27999914
Uttar Pradesh,4694250.0,12537805,13939.97,2018,1st Quarter,9,27.59998069,78.05000565
Uttar Pradesh,6442554.0,17710943,25720.2,2018,2nd Quarter,9,27.59998069,78.05000565
Uttar Pradesh,8096483.0,26515356,37012.11,2018,3rd Quarter,9,27.59998069,78.05000565
Uttar Pradesh,10341964.0,36100767,55096.74,2018,4th Quarter,9,27.59998069,78.05000565
Uttar Pradesh,12458661.0,57324504,76524.18,2019,1st Quarter,9,27.59998069,78.05000565
Uttar Pradesh,14316349.0,58883500,98917.52,2019,2nd Quarter,9,27.59998069,78.05000565
Uttar Pradesh,16044607.0,68623959,111000.0,2019,3rd Quarter,9,27.59998069,78.05000565
Uttar Pradesh,17949542.0,86905005,146000.0,2019,4th Quarter,9,27.59998069,78.05000565
Uttar Pradesh,20136256.0,97239132,172000.0,2020,1st Quarter,9,27.59998069,78.05000565
Uttar Pradesh,22498519.0,100851965,179000.0,2020,2nd Quarter,9,27.59998069,78.05000565
Uttar Pradesh,24838116.0,127405259,249000.0,2020,3rd Quarter,9,27.59998069,78.05000565
Uttar Pradesh,27249134.0,178167517,357000.0,2020,4th Quarter,9,27.59998069,78.05000565
Uttar Pradesh,29482075.0,204499547,396000.0,2021,1st Quarter,9,27.59998069,78.05000565
Uttar Pradesh,31651894.0,241949131,482000.0,2021,2nd Quarter,9,27.59998069,78.05000565
Uttar Pradesh,34151882.0,306543384,557000.0,2021,3rd Quarter,9,27.59998069,78.05000565
Uttar Pradesh,36617655.0,406157932,774000.0,2021,4th Quarter,9,27.59998069,78.05000565
Uttar Pradesh,38999692.0,473953246,883000.0,2022,1st Quarter,9,27.59998069,78.05000565
Uttar Pradesh,41247289.0,595298776,1070000.0,2022,2nd Quarter,9,27.59998069,78.05000565
Uttar Pradesh,43537920.0,703589072,1120000.0,2022,3rd Quarter,9,27.59998069,78.05000565
Uttar Pradesh,45648650.0,836369071,1380000.0,2022,4th Quarter,9,27.59998069,78.05000565
Uttarakhand,483043.0,1246685,1508.55,2018,1st Quarter,5,30.0668,79.0193
Uttarakhand,649142.0,1704122,2679.76,2018,2nd Quarter,5,30.0668,79.0193
Uttarakhand,810612.0,2229132,3726.57,2018,3rd Quarter,5,30.0668,79.0193
Uttarakhand,1012103.0,3178761,5654.27,2018,4th Quarter,5,30.0668,79.0193
Uttarakhand,1224955.0,5546001,7183.53,2019,1st Quarter,5,30.0668,79.0193
Uttarakhand,1414339.0,4813275,8588.53,2019,2nd Quarter,5,30.0668,79.0193
Uttarakhand,1585859.0,5710476,9729.03,2019,3rd Quarter,5,30.0668,79.0193
Uttarakhand,1752677.0,7362116,12573.71,2019,4th Quarter,5,30.0668,79.0193
Uttarakhand,1943606.0,9131784,16158.08,2020,1st Quarter,5,30.0668,79.0193
Uttarakhand,2148567.0,9047770,16094.19,2020,2nd Quarter,5,30.0668,79.0193
Uttarakhand,2365438.0,11818935,22103.51,2020,3rd Quarter,5,30.0668,79.0193
Uttarakhand,2596244.0,17613271,31792.74,2020,4th Quarter,5,30.0668,79.0193
Uttarakhand,2802122.0,20608402,36288.19,2021,1st Quarter,5,30.0668,79.0193
Uttarakhand,3004040.0,24000432,40990.82,2021,2nd Quarter,5,30.0668,79.0193
Uttarakhand,3233509.0,31042284,50527.5,2021,3rd Quarter,5,30.0668,79.0193
Uttarakhand,3460015.0,40361280,66148.11,2021,4th Quarter,5,30.0668,79.0193
Uttarakhand,3674829.0,44560772,70978.78,2022,1st Quarter,5,30.0668,79.0193
Uttarakhand,3877056.0,58166878,88313.37,2022,2nd Quarter,5,30.0668,79.0193
Uttarakhand,4081976.0,63996519,92641.26,2022,3rd Quarter,5,30.0668,79.0193
Uttarakhand,4272049.0,77983880,115000.0,2022,4th Quarter,5,30.0668,79.0193
West Bengal,2604789.0,11710225,10625.98,2018,1st Quarter,19,22.58039044,88.32994665
West Bengal,3833795.0,18082446,18629.18,2018,2nd Quarter,19,22.58039044,88.32994665
West Bengal,4851740.0,53705416,41843.93,2018,3rd Quarter,19,22.58039044,88.32994665
West Bengal,6279278.0,36513548,40489.62,2018,4th Quarter,19,22.58039044,88.32994665
West Bengal,7449425.0,47626388,50164.67,2019,1st Quarter,19,22.58039044,88.32994665
West Bengal,8612795.0,47023535,57105.69,2019,2nd Quarter,19,22.58039044,88.32994665
West Bengal,9643222.0,66444829,70540.53,2019,3rd Quarter,19,22.58039044,88.32994665
West Bengal,10885058.0,96805838,88203.61,2019,4th Quarter,19,22.58039044,88.32994665
West Bengal,11960822.0,66250381,96653.31,2020,1st Quarter,19,22.58039044,88.32994665
West Bengal,13222022.0,57676797,100000.0,2020,2nd Quarter,19,22.58039044,88.32994665
West Bengal,14448366.0,79954504,157000.0,2020,3rd Quarter,19,22.58039044,88.32994665
West Bengal,15662093.0,100340645,199000.0,2020,4th Quarter,19,22.58039044,88.32994665
West Bengal,16808799.0,118254052,243000.0,2021,1st Quarter,19,22.58039044,88.32994665
West Bengal,17979979.0,141897437,279000.0,2021,2nd Quarter,19,22.58039044,88.32994665
West Bengal,19323278.0,181712988,362000.0,2021,3rd Quarter,19,22.58039044,88.32994665
West Bengal,20644527.0,225029560,462000.0,2021,4th Quarter,19,22.58039044,88.32994665
West Bengal,21919787.0,260505092,551000.0,2022,1st Quarter,19,22.58039044,88.32994665
West Bengal,23124388.0,315742141,649000.0,2022,2nd Quarter,19,22.58039044,88.32994665
West Bengal,24372048.0,356792388,705000.0,2022,3rd Quarter,19,22.58039044,88.32994665
West Bengal,25536381.0,405847597,788000.0,2022,4th Quarter,19,22.58039044,88.32994665
Ladakh,,6089,12.53285777,2018,1st Quarter,37,22.58039044,88.32994665
Ladakh,,15010,47.33490254,2018,2nd Quarter,37,22.58039044,88.32994665
Ladakh,,24864,84.09097714,2018,3rd Quarter,37,22.58039044,88.32994665
Ladakh,,35211,135.5228425,2018,4th Quarter,37,22.58039044,88.32994665
Ladakh,,46145,152.8599209,2019,1st Quarter,37,22.58039044,88.32994665
Ladakh,,68772,259.255507,2019,2nd Quarter,37,22.58039044,88.32994665
Ladakh,,92396,331.1295272,2019,3rd Quarter,37,22.58039044,88.32994665
Ladakh,,84706,324.68936,2019,4th Quarter,37,22.58039044,88.32994665
Ladakh,,116419,377.6396774,2020,1st Quarter,37,22.58039044,88.32994665
Ladakh,,155010,523.7929987,2020,2nd Quarter,37,22.58039044,88.32994665
Ladakh,,228222,835.4875001,2020,3rd Quarter,37,22.58039044,88.32994665
Ladakh,,332134,1111.963471,2020,4th Quarter,37,22.58039044,88.32994665
Ladakh,,275415,983.4198132,2021,1st Quarter,37,22.58039044,88.32994665
Ladakh,,399716,1427.259095,2021,2nd Quarter,37,22.58039044,88.32994665
Ladakh,,590987,2213.984744,2021,3rd Quarter,37,22.58039044,88.32994665
Ladakh,,630187,2153.535139,2021,4th Quarter,37,22.58039044,88.32994665
Ladakh,,630015,2025.040919,2022,1st Quarter,37,22.58039044,88.32994665
Ladakh,,1118073,3543.318178,2022,2nd Quarter,37,22.58039044,88.32994665
Ladakh,,1190858,3605.19935,2022,3rd Quarter,37,22.58039044,88.32994665
Ladakh,,1083372,2894.477573,2022,4th Quarter,37,22.58039044,88.32994665
